{
  "x": 0.0,
  "y": 0.0,
  "z": 0.0,
  "qx": 0.0,
  "qy": 0.0,
  "qz": 0.7071068,
  "qw": 0.7071068
}
